ID_MAGALU;KIT_EXTRA
107461;true
117631;true
124317;true
124724;true
125352;true
158590;true
175570;true
208924;true
215761;true
217628;true
226557;true
239062;true
250915;true
253600;true
254243;true
278896;true
289783;true
294954;true
359863;true
402824;true
92131;true
96294;true
99051;true
101208;true
101926;true
105100;true
105280;true
106499;true
106769;true
114123;true
129514;true
129747;true
148623;true
154184;true
155861;true
156683;true
157146;true
159802;true
159959;true
173142;true
175061;true
176280;true
182778;true
194598;true
194840;true
200528;true
206185;true
208126;true
212205;true
213417;true
215648;true
218859;true
226257;true
239673;true
245156;true
251148;true
313199;true
424156;true
424310;true
424316;true
424320;true
424322;true
424323;true
424328;true
424339;true
424340;true
424341;true
424342;true
424344;true
424345;true
424346;true
424348;true
424349;true
424352;true
424353;true
424354;true
424355;true
424385;true
424406;true
424428;true
424429;true
424430;true
424441;true
424500;true
251635;true
424154;true
424303;true
424318;true
424319;true
424324;true
424325;true
424329;true
424333;true
424334;true
424338;true
424435;true
424436;true
424440;true
424499;true
424504;true
424407;true
117144;true
221025;true
101083;true
113772;true
250538;true
256387;true
256797;true
267142;true
314298;true
337667;true
342370;true
124319;true
165188;true
179129;true
180845;true
193945;true
210265;true
217347;true
320606;true
3658;true
9964;true
145764;true
170727;true
162394;true
263343;true
10933;true
97450;true
107087;true
111374;true
120956;true
123660;true
130613;true
134054;true
162001;true
257474;true
266956;true
282080;true
310464;true
326988;true
339051;true
162850;true
252917;true
319213;true
99930;true
192152;true
158954;true
216466;true
230375;true
9615;true
99617;true
105146;true
110864;true
111659;true
123159;true
125765;true
128103;true
130358;true
148266;true
148913;true
153068;true
165228;true
173604;true
176672;true
177049;true
181645;true
182566;true
184792;true
186893;true
192410;true
197385;true
204792;true
206950;true
214007;true
214250;true
214645;true
221468;true
232131;true
235730;true
238025;true
239641;true
245122;true
256545;true
262610;true
352927;true
409989;true
247043;true
313075;true
244542;true
135771;true
248345;true
243797;true
183403;true
294873;true
154360;true
170758;true
91591;true
307435;true
229303;true
240968;true
241974;true
247562;true
328291;true
219930;true
97126;true
177418;true
250105;true
237310;true
298976;true
116516;true
334434;true
261449;true
314800;true
269652;true
136280;true
243500;true
239126;true
91334;true
220596;true
148162;true
136575;true
196349;true
94689;true
300413;true
105936;true
116460;true
248211;true
147334;true
254012;true
217038;true
191832;true
114119;true
139085;true
147724;true
149493;true
117651;true
219385;true
305248;true
9396;true
267006;true
135958;true
144144;true
258827;true
280482;true
269634;true
211890;true
208034;true
303110;true
340894;true
259637;true
278126;true
280648;true
235908;true
240918;true
292289;true
177432;true
242866;true
131242;true
243270;true
233713;true
227393;true
223195;true
179437;true
243364;true
245705;true
209235;true
217729;true
307989;true
206493;true
271917;true
272476;true
224661;true
208494;true
309208;true
99973;true
151386;true
317128;true
180089;true
269768;true
218050;true
222997;true
229878;true
225684;true
226464;true
198970;true
229596;true
247848;true
335550;true
261423;true
159203;true
225792;true
319235;true
163348;true
165211;true
225315;true
169157;true
225181;true
289681;true
174043;true
163350;true
191313;true
163798;true
145964;true
244259;true
227530;true
216070;true
221268;true
182114;true
252035;true
315127;true
217170;true
267884;true
262371;true
262299;true
312762;true
261405;true
265905;true
243982;true
224533;true
159790;true
264575;true
244701;true
310780;true
274172;true
329889;true
260576;true
413640;true
307403;true
222654;true
324363;true
311035;true
334152;true
138633;true
255011;true
413695;true
413778;true
90557;true
117021;true
96945;true
99926;true
245159;true
206609;true
99501;true
197743;true
229206;true
240517;true
167357;true
219709;true
182587;true
214637;true
173667;true
193640;true
255135;true
257260;true
131806;true
104812;true
407257;true
408059;true
407778;true
423626;true
397145;true
196580;true
137060;true
208531;true
140658;true
341804;true
238417;true
263576;true
153178;true
144451;true
212920;true
340472;true
257009;true
410740;true
128554;true
245996;true
250384;true
232958;true
227020;true
178425;true
193835;true
106740;true
115025;true
109876;true
258152;true
200497;true
294543;true
326845;true
254767;true
133616;true
238920;true
259932;true
197258;true
193399;true
197898;true
219613;true
198758;true
151864;true
322530;true
315311;true
140716;true
218276;true
157579;true
292956;true
117596;true
231025;true
280996;true
247680;true
131841;true
304777;true
281091;true
287532;true
184316;true
230384;true
4043;true
245859;true
336082;true
185591;true
222357;true
310422;true
325778;true
302176;true
310623;true
213360;true
205547;true
280690;true
338684;true
154144;true
141629;true
257825;true
324703;true
336546;true
200214;true
259562;true
312838;true
250554;true
316921;true
266337;true
216447;true
217183;true
216927;true
194677;true
193745;true
151553;true
333634;true
237083;true
157256;true
285974;true
282371;true
193876;true
208050;true
200655;true
114911;true
99613;true
222837;true
185087;true
261392;true
314119;true
335616;true
207467;true
257405;true
134900;true
139477;true
250755;true
229371;true
148681;true
129623;true
216533;true
280066;true
215219;true
207032;true
298079;true
186669;true
211232;true
209127;true
217444;true
227344;true
141025;true
255576;true
151273;true
235515;true
254977;true
215921;true
218873;true
140352;true
110646;true
218598;true
165004;true
320355;true
122700;true
258613;true
223449;true
285762;true
223995;true
314860;true
247957;true
314418;true
202545;true
209679;true
226870;true
170006;true
212790;true
159749;true
222035;true
201585;true
167787;true
252072;true
230002;true
158558;true
158578;true
223726;true
267044;true
175547;true
240307;true
209101;true
294029;true
202966;true
221459;true
158812;true
213105;true
216988;true
266062;true
221652;true
233193;true
284539;true
270957;true
271919;true
212312;true
297233;true
271130;true
169160;true
230435;true
240534;true
255000;true
237183;true
234473;true
120636;true
243286;true
294992;true
291887;true
254150;true
227906;true
216159;true
133131;true
106097;true
304846;true
228501;true
304543;true
238314;true
178913;true
236285;true
256617;true
121129;true
258164;true
245261;true
254136;true
304619;true
154664;true
247159;true
259840;true
295979;true
272911;true
214070;true
99590;true
247222;true
185691;true
193584;true
214724;true
266417;true
219778;true
244763;true
236056;true
239041;true
234873;true
245683;true
328865;true
248783;true
292038;true
253751;true
114355;true
263921;true
94;true
238672;true
128782;true
193611;true
281989;true
242462;true
96943;true
296878;true
312888;true
257869;true
135475;true
131210;true
254125;true
122332;true
343663;true
259318;true
256642;true
194991;true
267714;true
194951;true
113260;true
327825;true
293408;true
282192;true
350747;true
199216;true
248093;true
202337;true
270427;true
293320;true
105235;true
223770;true
269050;true
271987;true
236577;true
134613;true
215205;true
293418;true
256175;true
160322;true
167611;true
220236;true
163622;true
236089;true
263471;true
226440;true
243027;true
265829;true
238908;true
240670;true
245083;true
323894;true
243784;true
265982;true
216296;true
239982;true
246291;true
246856;true
239428;true
239169;true
297160;true
158608;true
173149;true
279918;true
249737;true
206963;true
225647;true
251136;true
260581;true
261308;true
267923;true
260871;true
261580;true
262311;true
186379;true
251621;true
261496;true
260820;true
198115;true
291719;true
347503;true
177123;true
260389;true
262292;true
169978;true
233301;true
304717;true
267948;true
215053;true
216907;true
271732;true
262825;true
192778;true
312014;true
239092;true
278266;true
267329;true
268887;true
312009;true
268567;true
264720;true
225142;true
262155;true
227714;true
356083;true
268126;true
273626;true
268721;true
217708;true
294560;true
255041;true
122813;true
247590;true
177170;true
223594;true
268655;true
253780;true
279682;true
310856;true
248727;true
253566;true
180999;true
311854;true
227174;true
313052;true
262068;true
324468;true
307527;true
307575;true
321408;true
320793;true
287656;true
314937;true
313892;true
315004;true
301320;true
324237;true
217352;true
307959;true
310842;true
287652;true
315129;true
310176;true
323079;true
260822;true
315143;true
244968;true
315350;true
310043;true
134620;true
198271;true
226680;true
428583;true
11054;true
237945;true
117567;true
99927;true
136543;true
277402;true
99095;true
96185;true
130377;true
254122;true
238077;true
224708;true
91423;true
130519;true
320752;true
90664;true
178649;true
189313;true
128342;true
241097;true
125078;true
193366;true
223299;true
93807;true
94199;true
239068;true
170238;true
194647;true
229575;true
192809;true
201513;true
196171;true
110339;true
218656;true
298903;true
143355;true
117649;true
97696;true
206650;true
200994;true
170854;true
210271;true
152620;true
150330;true
148072;true
216682;true
220957;true
212756;true
225640;true
247676;true
212614;true
98932;true
99259;true
109076;true
137645;true
119788;true
203353;true
217219;true
106778;true
175246;true
116108;true
124351;true
186872;true
202016;true
223593;true
127317;true
203899;true
223942;true
144827;true
247173;true
197584;true
140561;true
148805;true
239413;true
194417;true
221755;true
125524;true
124374;true
137510;true
213635;true
116253;true
125589;true
179483;true
186995;true
137168;true
151806;true
238833;true
246686;true
4240;true
188843;true
281286;true
124343;true
223801;true
192940;true
145131;true
227988;true
195117;true
153294;true
212878;true
213448;true
240170;true
192537;true
108115;true
242890;true
131839;true
138313;true
100851;true
266256;true
193956;true
205666;true
10663;true
177829;true
207774;true
238673;true
211930;true
262772;true
184214;true
128838;true
241310;true
155468;true
181639;true
10606;true
217354;true
10330;true
183736;true
111484;true
251735;true
242300;true
114327;true
241545;true
117828;true
222845;true
249677;true
141262;true
233212;true
248693;true
251243;true
251565;true
175497;true
216437;true
153615;true
95139;true
141072;true
130575;true
140567;true
127823;true
198013;true
121687;true
204297;true
216740;true
224447;true
216775;true
228943;true
210499;true
217271;true
206746;true
216458;true
239121;true
152408;true
127313;true
202106;true
148492;true
238814;true
149580;true
139098;true
215286;true
202035;true
164901;true
237768;true
160676;true
195582;true
225656;true
226995;true
300299;true
117135;true
100883;true
175584;true
128313;true
239106;true
223223;true
254241;true
237295;true
179089;true
167584;true
211757;true
167561;true
200415;true
224186;true
168047;true
173557;true
227565;true
244936;true
212639;true
169152;true
208775;true
254132;true
175560;true
177431;true
157648;true
217706;true
178920;true
183737;true
223697;true
167514;true
196684;true
227145;true
200801;true
323541;true
301482;true
167606;true
158541;true
158684;true
394274;true
158554;true
210272;true
131243;true
222836;true
235605;true
158628;true
191184;true
158623;true
204387;true
223628;true
169674;true
252381;true
217951;true
236491;true
217158;true
216952;true
159820;true
269953;true
156473;true
226116;true
256033;true
191011;true
174018;true
215927;true
204182;true
167670;true
308421;true
158803;true
222510;true
183791;true
204144;true
158781;true
272373;true
168355;true
206179;true
212460;true
268096;true
169921;true
162165;true
173136;true
168356;true
217050;true
228538;true
184080;true
167525;true
286109;true
167663;true
156631;true
173883;true
222716;true
212905;true
295146;true
163265;true
197589;true
326804;true
173749;true
231851;true
181545;true
276895;true
271853;true
221348;true
182686;true
162737;true
216044;true
245081;true
195132;true
273752;true
221959;true
93679;true
215134;true
343536;true
122397;true
117323;true
190246;true
100807;true
240192;true
152609;true
243293;true
117992;true
186925;true
105152;true
94166;true
164603;true
175551;true
253080;true
224895;true
230584;true
165134;true
150869;true
280650;true
96123;true
224218;true
248117;true
123583;true
101670;true
248732;true
99212;true
259175;true
240721;true
110354;true
313;true
247118;true
107626;true
225839;true
130610;true
192661;true
194848;true
206851;true
223480;true
107037;true
266577;true
171146;true
189347;true
211335;true
254027;true
256790;true
225290;true
242643;true
266113;true
173122;true
261643;true
217123;true
305701;true
247583;true
237241;true
240300;true
244383;true
287555;true
254200;true
216371;true
238283;true
241741;true
246443;true
173277;true
180646;true
243775;true
273099;true
239151;true
265979;true
246217;true
260930;true
263404;true
338781;true
232246;true
169139;true
262293;true
247185;true
261499;true
262727;true
321623;true
262669;true
262722;true
291352;true
271989;true
208948;true
169748;true
261726;true
225664;true
263008;true
264713;true
263019;true
188122;true
269599;true
194383;true
262490;true
170154;true
230627;true
226338;true
168180;true
169815;true
260968;true
322399;true
162416;true
219492;true
231102;true
345768;true
163710;true
117808;true
258676;true
246140;true
269047;true
116604;true
215649;true
95628;true
248684;true
510;true
239021;true
219630;true
221263;true
257160;true
223705;true
315192;true
279937;true
324358;true
190835;true
259509;true
207952;true
197177;true
324467;true
278777;true
195061;true
278964;true
209559;true
226032;true
311160;true
267570;true
319429;true
132119;true
100708;true
10758;true
264829;true
178781;true
167986;true
187;true
184045;true
274815;true
95513;true
3370;true
110198;true
192107;true
208098;true
97920;true
364;true
238735;true
96344;true
94681;true
176135;true
117276;true
216677;true
255156;true
178238;true
201087;true
113652;true
91055;true
160611;true
175842;true
14;true
117492;true
134784;true
204305;true
92740;true
116581;true
91066;true
113576;true
140988;true
137725;true
144053;true
130474;true
161160;true
131225;true
209389;true
131370;true
4306;true
182507;true
9459;true
201049;true
4647;true
165229;true
146773;true
10565;true
189569;true
10267;true
135245;true
10077;true
219392;true
9980;true
9516;true
185562;true
128243;true
4533;true
188440;true
10891;true
97188;true
11408;true
196591;true
355395;true
413071;true
105626;true
140196;true
212101;true
198810;true
278177;true
154909;true
125300;true
122584;true
123454;true
121808;true
195394;true
194924;true
125474;true
122158;true
121813;true
180280;true
123444;true
109173;true
114013;true
207572;true
293035;true
293414;true
206218;true
262296;true
167445;true
167468;true
167172;true
167120;true
177951;true
176793;true
269321;true
216289;true
158827;true
162195;true
213621;true
168655;true
227282;true
243997;true
236231;true
173164;true
162431;true
239625;true
162438;true
210882;true
190797;true
158912;true
177379;true
203700;true
204164;true
175036;true
187346;true
215515;true
95354;true
10580;true
225587;true
115655;true
134278;true
111561;true
177089;true
204293;true
90851;true
94185;true
90846;true
187921;true
115694;true
228522;true
244945;true
225220;true
261595;true
262241;true
245088;true
262272;true
244137;true
219099;true
231725;true
187887;true
225171;true
238802;true
158641;true
163829;true
261066;true
178594;true
156858;true
224056;true
10141;true
190682;true
223748;true
196954;true
251809;true
107981;true
94666;true
93205;true
92371;true
95640;true
93073;true
98016;true
91172;true
101024;true
91278;true
3662;true
150945;true
117585;true
121719;true
101986;true
119768;true
93551;true
138493;true
237302;true
137372;true
90916;true
116146;true
113346;true
100334;true
308;true
136363;true
9811;true
141382;true
91277;true
91393;true
177362;true
125347;true
115359;true
3592;true
127482;true
167214;true
173152;true
199807;true
173500;true
223710;true
157134;true
215513;true
162470;true
197974;true
210875;true
357573;true
116137;true
223177;true
244980;true
246489;true
163908;true
173563;true
93162;true
94275;true
123771;true
148582;true
167379;true
121117;true
146428;true
157133;true
173144;true
187532;true
223086;true
236877;true
88;true
4167;true
11031;true
11118;true
91219;true
93813;true
95170;true
97910;true
98219;true
101763;true
104773;true
119925;true
124818;true
146127;true
149275;true
190184;true
209800;true
93446;true
103016;true
113765;true
162490;true
167576;true
10745;true
96455;true
98110;true
98713;true
110055;true
119536;true
124606;true
92917;true
92985;true
98039;true
104424;true
157159;true
111067;true
424276;true
424280;true
424307;true
424321;true
217984;true
361572;true
239120;true
307685;true
245506;true
245855;true
206819;true
150543;true
146475;true
153503;true
221170;true
248563;true
248539;true
294689;true
182106;true
209512;true
98854;true
223638;true
257678;true
227074;true
199200;true
216106;true
248046;true
209549;true
262701;true
311826;true
295133;true
266492;true
118711;true
255652;true
224002;true
247462;true
229644;true
319379;true
239541;true
181675;true
236750;true
253931;true
196930;true
259981;true
268948;true
252054;true
95368;true
125969;true
213373;true
314486;true
99703;true
199381;true
323175;true
278820;true
252910;true
195032;true
234920;true
125666;true
230045;true
257816;true
241080;true
212845;true
270533;true
225253;true
320663;true
134381;true
208897;true
122672;true
219503;true
239178;true
252567;true
228163;true
278529;true
224583;true
224100;true
240550;true
184938;true
227615;true
129088;true
215866;true
121592;true
271889;true
187087;true
220150;true
343120;true
164479;true
221978;true
236922;true
271311;true
153793;true
195199;true
212295;true
218929;true
225604;true
294960;true
216966;true
292121;true
339482;true
143776;true
249683;true
294905;true
279783;true
306187;true
256144;true
248288;true
238744;true
319420;true
148296;true
273728;true
259579;true
110962;true
10079;true
334166;true
115660;true
268226;true
304457;true
221784;true
151238;true
96980;true
238246;true
219233;true
193332;true
279308;true
149812;true
185098;true
224717;true
107553;true
129347;true
218480;true
201828;true
142073;true
230313;true
104932;true
244426;true
96815;true
269306;true
224774;true
143602;true
105605;true
100959;true
99250;true
315050;true
92093;true
92110;true
128089;true
97029;true
248559;true
186962;true
111154;true
231704;true
108740;true
112318;true
238310;true
148999;true
148995;true
263920;true
149127;true
220571;true
148979;true
116828;true
216654;true
149173;true
99405;true
94217;true
198775;true
208614;true
298875;true
216976;true
229331;true
149979;true
113821;true
135965;true
120619;true
120512;true
285804;true
242514;true
193557;true
212412;true
256494;true
185110;true
176663;true
353876;true
244116;true
197639;true
110399;true
130595;true
92295;true
96942;true
98609;true
94777;true
164720;true
185084;true
110789;true
253666;true
91294;true
397170;true
99381;true
105428;true
92156;true
120673;true
241347;true
101106;true
240966;true
94426;true
96864;true
136100;true
150547;true
149096;true
182431;true
96453;true
98718;true
146445;true
167041;true
294960;true
356481;true
357485;true
342906;true
251764;true
243964;true
383754;true
312029;true
355139;true
319057;true
355985;true
334570;true
301326;true
352473;true
363338;true
335634;true
333610;true
266278;true
264022;true
303337;true
339482;true
367074;true
248637;true
250862;true
357208;true
374471;true
292642;true
268520;true
345776;true
346407;true
263082;true
362633;true
371982;true
287806;true
268508;true
117118;true
225349;true
321899;true
231698;true
287691;true
255915;true
383485;true
366111;true
204407;true
261033;true
340282;true
214830;true
349887;true
247296;true
320817;true
361663;true
194499;true
340860;true
292190;true
284848;true
257609;true
352396;true
255229;true
216882;true
278826;true
304888;true
351783;true
237940;true
239669;true
320591;true
310052;true
353145;true
237246;true
260283;true
374371;true
101765;true
111067;true
92428;true
157636;true
252135;true
351148;true
343030;true
333046;true
256288;true
263903;true
207363;true
245399;true
205841;true
207159;true
321003;true
337356;true
359153;true
310834;true