ID_MAGALU;KIT_EXTRA;STATUS
105100;true;NAO_ENCONTRADO
129514;true;NAO_ENCONTRADO
148623;true;NAO_ENCONTRADO
175061;true;NAO_ENCONTRADO
208126;true;NAO_ENCONTRADO
215648;true;NAO_ENCONTRADO
239673;true;NAO_ENCONTRADO
245156;true;NAO_ENCONTRADO
313199;true;NAO_ENCONTRADO
424341;true;NAO_ENCONTRADO
117144;true;NAO_ENCONTRADO
221025;true;NAO_ENCONTRADO
162394;true;NAO_ENCONTRADO
162001;true;NAO_ENCONTRADO
282080;true;NAO_ENCONTRADO
158954;true;NAO_ENCONTRADO
111659;true;NAO_ENCONTRADO
176672;true;NAO_ENCONTRADO
186893;true;NAO_ENCONTRADO
197385;true;NAO_ENCONTRADO
206950;true;NAO_ENCONTRADO
235730;true;NAO_ENCONTRADO
239641;true;NAO_ENCONTRADO
245122;true;NAO_ENCONTRADO
97126;true;NAO_ENCONTRADO
237310;true;NAO_ENCONTRADO
314800;true;NAO_ENCONTRADO
300413;true;NAO_ENCONTRADO
144144;true;NAO_ENCONTRADO
191313;true;NAO_ENCONTRADO
163798;true;NAO_ENCONTRADO
315127;true;NAO_ENCONTRADO
265905;true;NAO_ENCONTRADO
329889;true;NAO_ENCONTRADO
413640;true;NAO_ENCONTRADO
413695;true;NAO_ENCONTRADO
413778;true;NAO_ENCONTRADO
99501;true;NAO_ENCONTRADO
408059;true;NAO_ENCONTRADO
407778;true;NAO_ENCONTRADO
212920;true;NAO_ENCONTRADO
410740;true;NAO_ENCONTRADO
326845;true;NAO_ENCONTRADO
254767;true;NAO_ENCONTRADO
133616;true;NAO_ENCONTRADO
259932;true;NAO_ENCONTRADO
231025;true;NAO_ENCONTRADO
205547;true;NAO_ENCONTRADO
316921;true;NAO_ENCONTRADO
266337;true;NAO_ENCONTRADO
194677;true;NAO_ENCONTRADO
193876;true;NAO_ENCONTRADO
200655;true;NAO_ENCONTRADO
114911;true;NAO_ENCONTRADO
99613;true;NAO_ENCONTRADO
222837;true;NAO_ENCONTRADO
261392;true;NAO_ENCONTRADO
139477;true;NAO_ENCONTRADO
148681;true;NAO_ENCONTRADO
247957;true;NAO_ENCONTRADO
202545;true;NAO_ENCONTRADO
167787;true;NAO_ENCONTRADO
158578;true;NAO_ENCONTRADO
266062;true;NAO_ENCONTRADO
297233;true;NAO_ENCONTRADO
237183;true;NAO_ENCONTRADO
227906;true;NAO_ENCONTRADO
228501;true;NAO_ENCONTRADO
121129;true;NAO_ENCONTRADO
185691;true;NAO_ENCONTRADO
266417;true;NAO_ENCONTRADO
328865;true;NAO_ENCONTRADO
248783;true;NAO_ENCONTRADO
296878;true;NAO_ENCONTRADO
257869;true;NAO_ENCONTRADO
135475;true;NAO_ENCONTRADO
256642;true;NAO_ENCONTRADO
267714;true;NAO_ENCONTRADO
194951;true;NAO_ENCONTRADO
113260;true;NAO_ENCONTRADO
327825;true;NAO_ENCONTRADO
293408;true;NAO_ENCONTRADO
282192;true;NAO_ENCONTRADO
350747;true;NAO_ENCONTRADO
199216;true;NAO_ENCONTRADO
248093;true;NAO_ENCONTRADO
270427;true;NAO_ENCONTRADO
269050;true;NAO_ENCONTRADO
271987;true;NAO_ENCONTRADO
293418;true;NAO_ENCONTRADO
256175;true;NAO_ENCONTRADO
167611;true;NAO_ENCONTRADO
263471;true;NAO_ENCONTRADO
312009;true;NAO_ENCONTRADO
268567;true;NAO_ENCONTRADO
356083;true;NAO_ENCONTRADO
268126;true;NAO_ENCONTRADO
273626;true;NAO_ENCONTRADO
268721;true;NAO_ENCONTRADO
217708;true;NAO_ENCONTRADO
294560;true;NAO_ENCONTRADO
255041;true;NAO_ENCONTRADO
122813;true;NAO_ENCONTRADO
247590;true;NAO_ENCONTRADO
268655;true;NAO_ENCONTRADO
248727;true;NAO_ENCONTRADO
262068;true;NAO_ENCONTRADO
428583;true;NAO_ENCONTRADO
117567;true;NAO_ENCONTRADO
99095;true;NAO_ENCONTRADO
239068;true;NAO_ENCONTRADO
194647;true;NAO_ENCONTRADO
192809;true;NAO_ENCONTRADO
143355;true;NAO_ENCONTRADO
97696;true;NAO_ENCONTRADO
137645;true;NAO_ENCONTRADO
144827;true;NAO_ENCONTRADO
194417;true;NAO_ENCONTRADO
242300;true;NAO_ENCONTRADO
241545;true;NAO_ENCONTRADO
222845;true;NAO_ENCONTRADO
249677;true;NAO_ENCONTRADO
158781;true;NAO_ENCONTRADO
206179;true;NAO_ENCONTRADO
221959;true;NAO_ENCONTRADO
343536;true;NAO_ENCONTRADO
117323;true;NAO_ENCONTRADO
190246;true;NAO_ENCONTRADO
186925;true;NAO_ENCONTRADO
175551;true;NAO_ENCONTRADO
101670;true;NAO_ENCONTRADO
240721;true;NAO_ENCONTRADO
247118;true;NAO_ENCONTRADO
192661;true;NAO_ENCONTRADO
206851;true;NAO_ENCONTRADO
266577;true;NAO_ENCONTRADO
189347;true;NAO_ENCONTRADO
261643;true;NAO_ENCONTRADO
262722;true;NAO_ENCONTRADO
291352;true;NAO_ENCONTRADO
264713;true;NAO_ENCONTRADO
117808;true;NAO_ENCONTRADO
258676;true;NAO_ENCONTRADO
269047;true;NAO_ENCONTRADO
116604;true;NAO_ENCONTRADO
248684;true;NAO_ENCONTRADO
226032;true;NAO_ENCONTRADO
176135;true;NAO_ENCONTRADO
117276;true;NAO_ENCONTRADO
175842;true;NAO_ENCONTRADO
196591;true;NAO_ENCONTRADO
215515;true;NAO_ENCONTRADO
10580;true;NAO_ENCONTRADO
187921;true;NAO_ENCONTRADO
115694;true;NAO_ENCONTRADO
225171;true;NAO_ENCONTRADO
156858;true;NAO_ENCONTRADO
137372;true;NAO_ENCONTRADO
3592;true;NAO_ENCONTRADO
246489;true;NAO_ENCONTRADO
94275;true;NAO_ENCONTRADO
187532;true;NAO_ENCONTRADO
424280;true;NAO_ENCONTRADO
294960;true;NAO_ENCONTRADO
339482;true;NAO_ENCONTRADO
143776;true;NAO_ENCONTRADO
94217;true;NAO_ENCONTRADO
96864;true;NAO_ENCONTRADO
98718;true;NAO_ENCONTRADO
167041;true;NAO_ENCONTRADO
294960;true;NAO_ENCONTRADO
356481;true;NAO_ENCONTRADO
357485;true;NAO_ENCONTRADO
342906;true;NAO_ENCONTRADO
251764;true;NAO_ENCONTRADO
243964;true;NAO_ENCONTRADO
383754;true;NAO_ENCONTRADO
312029;true;NAO_ENCONTRADO
355139;true;NAO_ENCONTRADO
319057;true;NAO_ENCONTRADO
355985;true;NAO_ENCONTRADO
334570;true;NAO_ENCONTRADO
301326;true;NAO_ENCONTRADO
352473;true;NAO_ENCONTRADO
363338;true;NAO_ENCONTRADO
335634;true;NAO_ENCONTRADO
333610;true;NAO_ENCONTRADO
266278;true;NAO_ENCONTRADO
264022;true;NAO_ENCONTRADO
303337;true;NAO_ENCONTRADO
339482;true;NAO_ENCONTRADO
367074;true;NAO_ENCONTRADO
248637;true;NAO_ENCONTRADO
250862;true;NAO_ENCONTRADO
357208;true;NAO_ENCONTRADO
374471;true;NAO_ENCONTRADO
292642;true;NAO_ENCONTRADO
268520;true;NAO_ENCONTRADO
345776;true;NAO_ENCONTRADO
346407;true;NAO_ENCONTRADO
263082;true;NAO_ENCONTRADO
362633;true;NAO_ENCONTRADO
371982;true;NAO_ENCONTRADO
287806;true;NAO_ENCONTRADO
268508;true;NAO_ENCONTRADO
117118;true;NAO_ENCONTRADO
225349;true;NAO_ENCONTRADO
321899;true;NAO_ENCONTRADO
231698;true;NAO_ENCONTRADO
287691;true;NAO_ENCONTRADO
255915;true;NAO_ENCONTRADO
383485;true;NAO_ENCONTRADO
366111;true;NAO_ENCONTRADO
204407;true;NAO_ENCONTRADO
261033;true;NAO_ENCONTRADO
340282;true;NAO_ENCONTRADO
214830;true;NAO_ENCONTRADO
349887;true;NAO_ENCONTRADO
247296;true;NAO_ENCONTRADO
320817;true;NAO_ENCONTRADO
361663;true;NAO_ENCONTRADO
194499;true;NAO_ENCONTRADO
340860;true;NAO_ENCONTRADO
292190;true;NAO_ENCONTRADO
284848;true;NAO_ENCONTRADO
257609;true;NAO_ENCONTRADO
352396;true;NAO_ENCONTRADO
255229;true;NAO_ENCONTRADO
216882;true;NAO_ENCONTRADO
278826;true;NAO_ENCONTRADO
304888;true;NAO_ENCONTRADO
351783;true;NAO_ENCONTRADO
237940;true;NAO_ENCONTRADO
239669;true;NAO_ENCONTRADO
320591;true;NAO_ENCONTRADO
310052;true;NAO_ENCONTRADO
353145;true;NAO_ENCONTRADO
237246;true;NAO_ENCONTRADO
260283;true;NAO_ENCONTRADO
374371;true;NAO_ENCONTRADO
252135;true;NAO_ENCONTRADO
351148;true;NAO_ENCONTRADO
343030;true;NAO_ENCONTRADO
333046;true;NAO_ENCONTRADO
256288;true;NAO_ENCONTRADO
263903;true;NAO_ENCONTRADO
207363;true;NAO_ENCONTRADO
245399;true;NAO_ENCONTRADO
205841;true;NAO_ENCONTRADO
207159;true;NAO_ENCONTRADO
321003;true;NAO_ENCONTRADO
337356;true;NAO_ENCONTRADO
359153;true;NAO_ENCONTRADO
310834;true;NAO_ENCONTRADO
